Exp_ID,Iteration,Pod,Node,StartTime,EndTime,Pre(ms),Inf(ms),Post(ms),Total(ms)
trimaran_2nodes_5pods,1,yolo-cls,gpu-orin2,2026-07-14 19:25:23.750,2026-07-14 19:25:54.983,22.3,17.7,0.2,40.2
trimaran_2nodes_5pods,1,yolo-det,gpu-orin2,2026-07-14 19:25:29.905,2026-07-14 19:25:55.317,4.9,25.4,17.8,48.1
trimaran_2nodes_5pods,1,yolo-seg,gpu-orin3,2026-07-14 19:25:36.163,2026-07-14 19:26:06.470,5.5,28.7,11.8,46.0
trimaran_2nodes_5pods,1,yolo-obb,gpu-orin2,2026-07-14 19:25:43.140,2026-07-14 19:26:26.311,10.9,22.2,8.9,42.0
trimaran_2nodes_5pods,1,yolo-pos,gpu-orin3,2026-07-14 19:25:48.774,2026-07-14 19:26:26.637,5.8,27.8,5.2,38.8
trimaran_2nodes_5pods,2,yolo-cls,gpu-orin2,2026-07-14 19:27:15.481,2026-07-14 19:27:46.866,21.9,17.4,0.3,39.6
trimaran_2nodes_5pods,2,yolo-det,gpu-orin2,2026-07-14 19:27:21.177,2026-07-14 19:27:47.182,5.0,26.1,17.7,48.8
trimaran_2nodes_5pods,2,yolo-seg,gpu-orin3,2026-07-14 19:27:27.511,2026-07-14 19:27:58.306,5.5,28.9,11.3,45.7
trimaran_2nodes_5pods,2,yolo-obb,gpu-orin2,2026-07-14 19:27:33.732,2026-07-14 19:28:18.104,10.9,22.2,8.9,42.0
trimaran_2nodes_5pods,2,yolo-pos,gpu-orin3,2026-07-14 19:27:40.624,2026-07-14 19:28:18.379,5.7,27.3,5.5,38.5
trimaran_2nodes_5pods,3,yolo-cls,gpu-orin2,2026-07-14 19:29:07.284,2026-07-14 19:29:43.572,22.4,17.7,0.3,40.4
trimaran_2nodes_5pods,3,yolo-det,gpu-orin2,2026-07-14 19:29:14.277,2026-07-14 19:29:43.923,4.8,25.1,18.9,48.8
trimaran_2nodes_5pods,3,yolo-seg,gpu-orin3,2026-07-14 19:29:21.198,2026-07-14 19:29:55.134,5.7,28.7,11.6,46.0
trimaran_2nodes_5pods,3,yolo-obb,gpu-orin2,2026-07-14 19:29:30.563,2026-07-14 19:30:12.920,10.7,22.2,9.9,42.8
trimaran_2nodes_5pods,3,yolo-pos,gpu-orin3,2026-07-14 19:29:36.771,2026-07-14 19:30:13.205,5.7,27.7,5.2,38.6
trimaran_2nodes_5pods,4,yolo-cls,gpu-orin2,2026-07-14 19:31:02.239,2026-07-14 19:31:34.145,21.9,16.0,0.3,38.2
trimaran_2nodes_5pods,4,yolo-det,gpu-orin2,2026-07-14 19:31:08.497,2026-07-14 19:31:34.433,4.8,24.7,16.2,45.7
trimaran_2nodes_5pods,4,yolo-seg,gpu-orin3,2026-07-14 19:31:14.753,2026-07-14 19:31:45.603,5.7,29.0,11.8,46.5
trimaran_2nodes_5pods,4,yolo-obb,gpu-orin2,2026-07-14 19:31:21.062,2026-07-14 19:32:03.369,10.7,22.2,8.9,41.8
trimaran_2nodes_5pods,4,yolo-pos,gpu-orin3,2026-07-14 19:31:27.339,2026-07-14 19:32:03.677,5.8,27.3,5.3,38.4
trimaran_2nodes_5pods,5,yolo-cls,gpu-orin2,2026-07-14 19:32:52.826,2026-07-14 19:33:24.507,21.7,17.0,0.3,39.0
trimaran_2nodes_5pods,5,yolo-det,gpu-orin2,2026-07-14 19:32:58.964,2026-07-14 19:33:24.849,4.7,25.0,17.0,46.7
trimaran_2nodes_5pods,5,yolo-seg,gpu-orin3,2026-07-14 19:33:05.180,2026-07-14 19:33:35.941,5.7,28.8,11.4,45.9
trimaran_2nodes_5pods,5,yolo-obb,gpu-orin2,2026-07-14 19:33:11.404,2026-07-14 19:33:53.631,10.9,22.2,9.1,42.2
trimaran_2nodes_5pods,5,yolo-pos,gpu-orin3,2026-07-14 19:33:18.284,2026-07-14 19:33:53.950,5.7,27.3,5.2,38.2
trimaran_2nodes_5pods,6,yolo-cls,gpu-orin2,2026-07-14 19:34:42.849,2026-07-14 19:35:38.515,22.1,17.2,0.2,39.5
trimaran_2nodes_5pods,6,yolo-det,gpu-orin2,2026-07-14 19:34:49.878,2026-07-14 19:35:38.870,5.1,25.7,18.2,49.0
trimaran_2nodes_5pods,6,yolo-seg,gpu-orin3,2026-07-14 19:34:56.872,2026-07-14 19:35:50.076,5.8,29.4,12.4,47.6
trimaran_2nodes_5pods,6,yolo-obb,gpu-orin2,2026-07-14 19:35:25.465,2026-07-14 19:36:07.769,10.8,22.2,9.4,42.4
trimaran_2nodes_5pods,6,yolo-pos,gpu-orin3,2026-07-14 19:35:31.754,2026-07-14 19:36:08.066,5.7,28.1,5.2,39.0
trimaran_2nodes_5pods,7,yolo-cls,gpu-orin2,2026-07-14 19:36:57.127,2026-07-14 19:37:28.287,21.6,16.9,0.2,38.7
trimaran_2nodes_5pods,7,yolo-det,gpu-orin2,2026-07-14 19:37:03.328,2026-07-14 19:37:28.592,4.6,24.8,16.9,46.3
trimaran_2nodes_5pods,7,yolo-seg,gpu-orin3,2026-07-14 19:37:10.233,2026-07-14 19:37:41.932,5.7,28.4,12.0,46.1
trimaran_2nodes_5pods,7,yolo-obb,gpu-orin2,2026-07-14 19:37:15.891,2026-07-14 19:37:59.651,10.7,22.1,10.2,43.0
trimaran_2nodes_5pods,7,yolo-pos,gpu-orin3,2026-07-14 19:37:22.157,2026-07-14 19:37:59.962,5.6,26.7,5.0,37.3
trimaran_2nodes_5pods,8,yolo-cls,gpu-orin2,2026-07-14 19:38:49.140,2026-07-14 19:39:19.878,23.2,16.4,0.3,39.9
trimaran_2nodes_5pods,8,yolo-det,gpu-orin2,2026-07-14 19:38:55.431,2026-07-14 19:39:20.227,5.1,25.0,16.6,46.7
trimaran_2nodes_5pods,8,yolo-seg,gpu-orin3,2026-07-14 19:39:01.703,2026-07-14 19:39:33.630,5.6,28.5,12.1,46.2
trimaran_2nodes_5pods,8,yolo-obb,gpu-orin2,2026-07-14 19:39:07.980,2026-07-14 19:39:51.297,10.9,22.2,9.1,42.2
trimaran_2nodes_5pods,8,yolo-pos,gpu-orin3,2026-07-14 19:39:13.638,2026-07-14 19:39:51.581,5.6,26.8,5.3,37.7
trimaran_2nodes_5pods,9,yolo-cls,gpu-orin3,2026-07-14 19:40:40.557,2026-07-14 19:41:22.963,23.6,16.1,0.3,40.0
trimaran_2nodes_5pods,9,yolo-det,gpu-orin3,2026-07-14 19:40:47.447,2026-07-14 19:41:23.325,6.4,28.8,6.6,41.8
trimaran_2nodes_5pods,9,yolo-seg,gpu-orin2,2026-07-14 19:40:54.325,2026-07-14 19:41:23.673,4.9,27.4,19.0,51.3
trimaran_2nodes_5pods,9,yolo-obb,gpu-orin2,2026-07-14 19:41:06.254,2026-07-14 19:41:52.129,10.8,24.6,10.4,45.8
trimaran_2nodes_5pods,9,yolo-pos,gpu-orin2,2026-07-14 19:41:14.929,2026-07-14 19:41:52.438,5.1,27.4,7.4,39.9
trimaran_2nodes_5pods,10,yolo-cls,gpu-orin3,2026-07-14 19:42:41.350,2026-07-14 19:43:13.447,23.5,16.3,0.3,40.1
trimaran_2nodes_5pods,10,yolo-det,gpu-orin3,2026-07-14 19:42:48.358,2026-07-14 19:43:18.124,5.6,24.0,6.4,36.0
trimaran_2nodes_5pods,10,yolo-seg,gpu-orin2,2026-07-14 19:42:55.279,2026-07-14 19:43:18.421,4.8,26.4,23.0,54.2
trimaran_2nodes_5pods,10,yolo-obb,gpu-orin2,2026-07-14 19:43:01.603,2026-07-14 19:43:44.850,10.8,24.5,10.2,45.5
trimaran_2nodes_5pods,10,yolo-pos,gpu-orin2,2026-07-14 19:43:07.840,2026-07-14 19:43:45.142,4.8,27.0,8.1,39.9
trimaran_2nodes_5pods,11,yolo-cls,gpu-orin3,2026-07-14 19:44:34.164,2026-07-14 19:45:05.375,23.8,17.0,0.4,41.2
trimaran_2nodes_5pods,11,yolo-det,gpu-orin3,2026-07-14 19:44:40.343,2026-07-14 19:45:10.044,5.1,23.2,6.5,34.8
trimaran_2nodes_5pods,11,yolo-seg,gpu-orin3,2026-07-14 19:44:46.650,2026-07-14 19:45:16.811,5.3,25.9,11.5,42.7
trimaran_2nodes_5pods,11,yolo-obb,gpu-orin2,2026-07-14 19:44:52.884,2026-07-14 19:45:36.673,11.1,26.1,9.6,46.8
trimaran_2nodes_5pods,11,yolo-pos,gpu-orin2,2026-07-14 19:44:59.183,2026-07-14 19:45:36.987,4.8,28.3,7.1,40.2
trimaran_2nodes_5pods,12,yolo-cls,gpu-orin3,2026-07-14 19:46:25.942,2026-07-14 19:46:58.418,24.2,17.3,0.4,41.9
trimaran_2nodes_5pods,12,yolo-det,gpu-orin3,2026-07-14 19:46:32.205,2026-07-14 19:47:00.960,4.6,23.2,5.6,33.4
trimaran_2nodes_5pods,12,yolo-seg,gpu-orin3,2026-07-14 19:46:38.452,2026-07-14 19:47:09.912,4.8,24.9,10.7,40.4
trimaran_2nodes_5pods,12,yolo-obb,gpu-orin3,2026-07-14 19:46:45.395,2026-07-14 19:47:40.697,11.7,27.4,12.3,51.4
trimaran_2nodes_5pods,12,yolo-pos,gpu-orin2,2026-07-14 19:46:52.270,2026-07-14 19:47:41.104,5.0,26.4,6.1,37.5
trimaran_2nodes_5pods,13,yolo-cls,gpu-orin2,2026-07-14 19:48:30.000,2026-07-14 19:49:02.538,21.8,14.8,0.3,36.9
trimaran_2nodes_5pods,13,yolo-det,gpu-orin2,2026-07-14 19:48:36.356,2026-07-14 19:49:02.852,4.7,23.1,19.5,47.3
trimaran_2nodes_5pods,13,yolo-seg,gpu-orin2,2026-07-14 19:48:43.248,2026-07-14 19:49:03.147,4.8,23.8,23.9,52.5
trimaran_2nodes_5pods,13,yolo-obb,gpu-orin2,2026-07-14 19:48:48.869,2026-07-14 19:49:31.686,10.6,22.0,9.5,42.1
trimaran_2nodes_5pods,13,yolo-pos,gpu-orin3,2026-07-14 19:48:55.082,2026-07-14 19:49:32.065,6.1,28.9,5.6,40.6
trimaran_2nodes_5pods,14,yolo-cls,gpu-orin3,2026-07-14 19:50:20.867,2026-07-14 19:50:53.222,23.8,16.3,0.4,40.5
trimaran_2nodes_5pods,14,yolo-det,gpu-orin2,2026-07-14 19:50:27.121,2026-07-14 19:50:53.563,5.0,21.9,14.2,41.1
trimaran_2nodes_5pods,14,yolo-seg,gpu-orin3,2026-07-14 19:50:33.394,2026-07-14 19:51:04.691,5.7,28.4,13.1,47.2
trimaran_2nodes_5pods,14,yolo-obb,gpu-orin2,2026-07-14 19:50:40.250,2026-07-14 19:51:24.550,10.7,22.2,9.3,42.2
trimaran_2nodes_5pods,14,yolo-pos,gpu-orin3,2026-07-14 19:50:46.480,2026-07-14 19:51:25.823,5.7,26.5,5.2,37.4
trimaran_2nodes_5pods,15,yolo-cls,gpu-orin2,2026-07-14 19:52:14.808,2026-07-14 19:52:47.322,22.4,17.9,0.2,40.5
trimaran_2nodes_5pods,15,yolo-det,gpu-orin2,2026-07-14 19:52:21.087,2026-07-14 19:52:47.684,4.9,25.6,18.8,49.3
trimaran_2nodes_5pods,15,yolo-seg,gpu-orin3,2026-07-14 19:52:27.957,2026-07-14 19:52:58.781,5.6,28.8,11.8,46.2
trimaran_2nodes_5pods,15,yolo-obb,gpu-orin2,2026-07-14 19:52:34.143,2026-07-14 19:53:16.530,10.7,22.2,8.9,41.8
trimaran_2nodes_5pods,15,yolo-pos,gpu-orin3,2026-07-14 19:52:40.411,2026-07-14 19:53:16.843,5.9,28.4,5.2,39.5
trimaran_2nodes_5pods,16,yolo-cls,gpu-orin2,2026-07-14 19:54:05.837,2026-07-14 19:55:05.762,22.6,17.8,0.2,40.6
trimaran_2nodes_5pods,16,yolo-det,gpu-orin2,2026-07-14 19:54:12.710,2026-07-14 19:55:06.113,5.1,25.4,18.4,48.9
trimaran_2nodes_5pods,16,yolo-seg,gpu-orin3,2026-07-14 19:54:19.006,2026-07-14 19:55:15.173,4.7,26.2,11.0,41.9
trimaran_2nodes_5pods,16,yolo-obb,gpu-orin3,2026-07-14 19:54:51.986,2026-07-14 19:55:46.025,11.5,28.4,11.5,51.4
trimaran_2nodes_5pods,16,yolo-pos,gpu-orin3,2026-07-14 19:54:58.970,2026-07-14 19:55:46.333,5.2,25.7,4.7,35.6
trimaran_2nodes_5pods,17,yolo-cls,gpu-orin2,2026-07-14 19:56:35.376,2026-07-14 19:57:08.544,23.3,14.3,0.2,37.8
trimaran_2nodes_5pods,17,yolo-det,gpu-orin2,2026-07-14 19:56:41.038,2026-07-14 19:57:08.897,4.7,22.0,20.7,47.4
trimaran_2nodes_5pods,17,yolo-seg,gpu-orin2,2026-07-14 19:56:47.351,2026-07-14 19:57:09.214,4.8,24.0,22.1,50.9
trimaran_2nodes_5pods,17,yolo-obb,gpu-orin3,2026-07-14 19:56:53.588,2026-07-14 19:57:50.813,12.1,30.5,12.2,54.8
trimaran_2nodes_5pods,17,yolo-pos,gpu-orin3,2026-07-14 19:57:01.697,2026-07-14 19:57:51.168,5.8,26.9,5.6,38.3
trimaran_2nodes_5pods,18,yolo-cls,gpu-orin2,2026-07-14 19:58:40.061,2026-07-14 19:59:12.652,22.0,16.6,0.2,38.8
trimaran_2nodes_5pods,18,yolo-det,gpu-orin2,2026-07-14 19:58:46.889,2026-07-14 19:59:12.914,4.9,24.6,18.1,47.6
trimaran_2nodes_5pods,18,yolo-seg,gpu-orin3,2026-07-14 19:58:53.187,2026-07-14 19:59:24.063,5.4,26.9,12.5,44.8
trimaran_2nodes_5pods,18,yolo-obb,gpu-orin3,2026-07-14 19:59:00.104,2026-07-14 20:00:09.755,11.6,27.1,11.5,50.2
trimaran_2nodes_5pods,18,yolo-pos,gpu-orin2,2026-07-14 19:59:06.478,2026-07-14 20:00:10.105,4.8,26.4,6.2,37.4
trimaran_2nodes_5pods,19,yolo-cls,gpu-orin2,2026-07-14 20:00:59.220,2026-07-14 20:01:33.262,23.4,16.6,0.2,40.2
trimaran_2nodes_5pods,19,yolo-det,gpu-orin2,2026-07-14 20:01:05.494,2026-07-14 20:01:33.562,4.9,24.0,19.8,48.7
trimaran_2nodes_5pods,19,yolo-seg,gpu-orin3,2026-07-14 20:01:11.743,2026-07-14 20:01:44.766,5.5,27.9,11.8,45.2
trimaran_2nodes_5pods,19,yolo-obb,gpu-orin2,2026-07-14 20:01:19.295,2026-07-14 20:02:02.427,10.6,22.1,9.5,42.2
trimaran_2nodes_5pods,19,yolo-pos,gpu-orin3,2026-07-14 20:01:25.620,2026-07-14 20:02:02.684,5.8,27.7,5.2,38.7
trimaran_2nodes_5pods,20,yolo-cls,gpu-orin2,2026-07-14 20:02:51.632,2026-07-14 20:03:23.603,21.9,16.2,0.3,38.4
trimaran_2nodes_5pods,20,yolo-det,gpu-orin2,2026-07-14 20:02:57.932,2026-07-14 20:03:23.900,5.0,24.6,18.0,47.6
trimaran_2nodes_5pods,20,yolo-seg,gpu-orin3,2026-07-14 20:03:04.228,2026-07-14 20:03:35.031,5.8,28.9,11.8,46.5
trimaran_2nodes_5pods,20,yolo-obb,gpu-orin2,2026-07-14 20:03:10.502,2026-07-14 20:03:52.799,10.9,22.1,9.1,42.1
trimaran_2nodes_5pods,20,yolo-pos,gpu-orin3,2026-07-14 20:03:17.310,2026-07-14 20:03:53.096,5.7,27.2,5.1,38.0
trimaran_2nodes_5pods,21,yolo-cls,gpu-orin2,2026-07-14 20:04:41.943,2026-07-14 20:05:16.523,22.6,18.4,0.2,41.2
trimaran_2nodes_5pods,21,yolo-det,gpu-orin2,2026-07-14 20:04:48.768,2026-07-14 20:05:16.810,5.0,25.6,18.3,48.9
trimaran_2nodes_5pods,21,yolo-seg,gpu-orin3,2026-07-14 20:04:55.686,2026-07-14 20:05:27.969,5.6,28.8,11.7,46.1
trimaran_2nodes_5pods,21,yolo-obb,gpu-orin2,2026-07-14 20:05:02.672,2026-07-14 20:05:45.668,10.8,22.2,9.2,42.2
trimaran_2nodes_5pods,21,yolo-pos,gpu-orin3,2026-07-14 20:05:09.681,2026-07-14 20:05:45.971,5.7,27.5,5.3,38.5
trimaran_2nodes_5pods,22,yolo-cls,gpu-orin3,2026-07-14 20:06:35.069,2026-07-14 20:07:04.860,23.3,16.5,0.3,40.1
trimaran_2nodes_5pods,22,yolo-det,gpu-orin3,2026-07-14 20:06:40.664,2026-07-14 20:07:09.513,4.7,22.2,5.5,32.4
trimaran_2nodes_5pods,22,yolo-seg,gpu-orin3,2026-07-14 20:06:46.900,2026-07-14 20:07:18.513,5.5,27.6,11.2,44.3
trimaran_2nodes_5pods,22,yolo-obb,gpu-orin2,2026-07-14 20:06:53.169,2026-07-14 20:07:36.172,10.8,26.1,9.3,46.2
trimaran_2nodes_5pods,22,yolo-pos,gpu-orin2,2026-07-14 20:06:58.775,2026-07-14 20:07:36.428,4.7,28.1,7.8,40.6
trimaran_2nodes_5pods,23,yolo-cls,gpu-orin3,2026-07-14 20:08:25.370,2026-07-14 20:08:57.209,25.1,17.1,0.4,42.6
trimaran_2nodes_5pods,23,yolo-det,gpu-orin3,2026-07-14 20:08:31.637,2026-07-14 20:09:01.874,4.5,23.4,5.6,33.5
trimaran_2nodes_5pods,23,yolo-seg,gpu-orin3,2026-07-14 20:08:37.905,2026-07-14 20:09:08.665,5.0,24.8,11.1,40.9
trimaran_2nodes_5pods,23,yolo-obb,gpu-orin3,2026-07-14 20:08:44.774,2026-07-14 20:09:40.303,11.6,26.8,11.8,50.2
trimaran_2nodes_5pods,23,yolo-pos,gpu-orin2,2026-07-14 20:08:51.675,2026-07-14 20:09:40.662,5.2,26.3,6.9,38.4
trimaran_2nodes_5pods,24,yolo-cls,gpu-orin2,2026-07-14 20:10:29.635,2026-07-14 20:11:02.832,23.2,14.8,0.3,38.3
trimaran_2nodes_5pods,24,yolo-det,gpu-orin2,2026-07-14 20:10:35.868,2026-07-14 20:11:03.128,4.9,22.8,22.4,50.1
trimaran_2nodes_5pods,24,yolo-seg,gpu-orin2,2026-07-14 20:10:42.157,2026-07-14 20:11:03.419,4.7,24.1,26.3,55.1
trimaran_2nodes_5pods,24,yolo-obb,gpu-orin2,2026-07-14 20:10:47.849,2026-07-14 20:11:32.110,10.8,22.9,9.9,43.6
trimaran_2nodes_5pods,24,yolo-pos,gpu-orin3,2026-07-14 20:10:54.171,2026-07-14 20:11:32.426,5.9,27.8,5.5,39.2
trimaran_2nodes_5pods,25,yolo-cls,gpu-orin3,2026-07-14 20:12:21.161,2026-07-14 20:12:54.932,24.7,17.4,0.4,42.5
trimaran_2nodes_5pods,25,yolo-det,gpu-orin3,2026-07-14 20:12:28.021,2026-07-14 20:12:57.433,4.7,22.8,5.4,32.9
trimaran_2nodes_5pods,25,yolo-seg,gpu-orin3,2026-07-14 20:12:34.267,2026-07-14 20:13:08.758,4.7,26.0,11.6,42.3
trimaran_2nodes_5pods,25,yolo-obb,gpu-orin3,2026-07-14 20:12:41.222,2026-07-14 20:13:43.994,11.4,28.3,12.1,51.8
trimaran_2nodes_5pods,25,yolo-pos,gpu-orin3,2026-07-14 20:12:48.189,2026-07-14 20:13:44.365,4.6,22.9,5.3,32.8
trimaran_2nodes_5pods,26,yolo-cls,gpu-orin2,2026-07-14 20:14:33.391,2026-07-14 20:15:06.406,21.6,17.4,0.2,39.2
trimaran_2nodes_5pods,26,yolo-det,gpu-orin2,2026-07-14 20:14:40.243,2026-07-14 20:15:06.659,4.8,25.3,19.3,49.4
trimaran_2nodes_5pods,26,yolo-seg,gpu-orin2,2026-07-14 20:14:47.057,2026-07-14 20:15:06.931,4.8,24.3,21.4,50.5
trimaran_2nodes_5pods,26,yolo-obb,gpu-orin3,2026-07-14 20:14:53.329,2026-07-14 20:15:48.454,12.1,31.2,11.4,54.7
trimaran_2nodes_5pods,26,yolo-pos,gpu-orin3,2026-07-14 20:15:00.250,2026-07-14 20:15:48.718,6.0,28.8,6.2,41.0
trimaran_2nodes_5pods,27,yolo-cls,gpu-orin2,2026-07-14 20:16:37.719,2026-07-14 20:17:12.679,21.8,17.7,0.2,39.7
trimaran_2nodes_5pods,27,yolo-det,gpu-orin2,2026-07-14 20:16:47.587,2026-07-14 20:17:12.972,5.0,25.6,19.2,49.8
trimaran_2nodes_5pods,27,yolo-seg,gpu-orin3,2026-07-14 20:16:53.944,2026-07-14 20:17:24.024,5.1,27.0,11.9,44.0
trimaran_2nodes_5pods,27,yolo-obb,gpu-orin3,2026-07-14 20:17:00.223,2026-07-14 20:17:54.797,11.7,26.8,11.7,50.2
trimaran_2nodes_5pods,27,yolo-pos,gpu-orin2,2026-07-14 20:17:07.052,2026-07-14 20:17:55.086,4.7,26.3,5.7,36.7
trimaran_2nodes_5pods,28,yolo-cls,gpu-orin2,2026-07-14 20:18:44.215,2026-07-14 20:19:16.018,23.4,17.9,0.3,41.6
trimaran_2nodes_5pods,28,yolo-det,gpu-orin2,2026-07-14 20:18:50.407,2026-07-14 20:19:16.392,5.2,25.5,17.9,48.6
trimaran_2nodes_5pods,28,yolo-seg,gpu-orin3,2026-07-14 20:18:57.330,2026-07-14 20:19:29.685,5.1,24.6,12.5,42.2
trimaran_2nodes_5pods,28,yolo-obb,gpu-orin3,2026-07-14 20:19:03.520,2026-07-14 20:20:04.720,11.6,25.6,11.7,48.9
trimaran_2nodes_5pods,28,yolo-pos,gpu-orin2,2026-07-14 20:19:09.796,2026-07-14 20:20:05.051,4.8,26.3,6.0,37.1
trimaran_2nodes_5pods,29,yolo-cls,gpu-orin2,2026-07-14 20:20:54.035,2026-07-14 20:21:27.257,21.7,17.9,0.2,39.8
trimaran_2nodes_5pods,29,yolo-det,gpu-orin2,2026-07-14 20:21:00.991,2026-07-14 20:21:27.530,4.7,25.4,17.9,48.0
trimaran_2nodes_5pods,29,yolo-seg,gpu-orin3,2026-07-14 20:21:07.898,2026-07-14 20:21:40.878,5.7,28.8,12.7,47.2
trimaran_2nodes_5pods,29,yolo-obb,gpu-orin2,2026-07-14 20:21:14.748,2026-07-14 20:21:58.532,10.9,22.2,9.3,42.4
trimaran_2nodes_5pods,29,yolo-pos,gpu-orin3,2026-07-14 20:21:21.045,2026-07-14 20:21:58.922,5.6,27.2,5.1,37.9
trimaran_2nodes_5pods,30,yolo-cls,gpu-orin3,2026-07-14 20:22:47.864,2026-07-14 20:23:19.266,23.7,15.7,0.3,39.7
trimaran_2nodes_5pods,30,yolo-det,gpu-orin2,2026-07-14 20:22:54.164,2026-07-14 20:23:19.547,4.8,21.6,16.3,42.7
trimaran_2nodes_5pods,30,yolo-seg,gpu-orin2,2026-07-14 20:23:00.470,2026-07-14 20:23:19.873,4.6,23.9,22.4,50.9
trimaran_2nodes_5pods,30,yolo-obb,gpu-orin2,2026-07-14 20:23:06.189,2026-07-14 20:23:48.561,10.8,22.4,9.5,42.7
trimaran_2nodes_5pods,30,yolo-pos,gpu-orin3,2026-07-14 20:23:12.429,2026-07-14 20:23:48.861,5.9,28.0,6.0,39.9
trimaran_2nodes_5pods,31,yolo-cls,gpu-orin3,2026-07-14 20:24:37.783,2026-07-14 20:25:09.043,23.7,16.5,0.3,40.5
trimaran_2nodes_5pods,31,yolo-det,gpu-orin3,2026-07-14 20:24:44.653,2026-07-14 20:25:15.876,6.3,29.0,7.0,42.3
trimaran_2nodes_5pods,31,yolo-seg,gpu-orin2,2026-07-14 20:24:50.965,2026-07-14 20:25:16.176,5.0,26.6,22.6,54.2
trimaran_2nodes_5pods,31,yolo-obb,gpu-orin2,2026-07-14 20:24:56.569,2026-07-14 20:25:40.367,10.9,26.1,11.3,48.3
trimaran_2nodes_5pods,31,yolo-pos,gpu-orin2,2026-07-14 20:25:02.894,2026-07-14 20:25:40.698,5.0,26.8,6.7,38.5
trimaran_2nodes_5pods,32,yolo-cls,gpu-orin3,2026-07-14 20:26:29.559,2026-07-14 20:27:02.163,23.9,16.6,0.4,40.9
trimaran_2nodes_5pods,32,yolo-det,gpu-orin3,2026-07-14 20:26:36.483,2026-07-14 20:27:06.786,5.2,23.3,6.0,34.5
trimaran_2nodes_5pods,32,yolo-seg,gpu-orin3,2026-07-14 20:26:43.401,2026-07-14 20:27:29.877,5.7,28.6,11.6,45.9
trimaran_2nodes_5pods,32,yolo-obb,gpu-orin2,2026-07-14 20:26:50.276,2026-07-14 20:27:32.364,11.0,26.6,9.8,47.4
trimaran_2nodes_5pods,32,yolo-pos,gpu-orin2,2026-07-14 20:26:56.629,2026-07-14 20:27:32.726,4.7,29.3,7.5,41.5
trimaran_2nodes_5pods,33,yolo-cls,gpu-orin3,2026-07-14 20:28:21.620,2026-07-14 20:28:52.042,24.1,16.5,0.4,41.0
trimaran_2nodes_5pods,33,yolo-det,gpu-orin2,2026-07-14 20:28:27.923,2026-07-14 20:28:52.322,4.7,21.9,13.8,40.4
trimaran_2nodes_5pods,33,yolo-seg,gpu-orin3,2026-07-14 20:28:33.563,2026-07-14 20:29:05.765,5.8,28.7,12.5,47.0
trimaran_2nodes_5pods,33,yolo-obb,gpu-orin2,2026-07-14 20:28:39.770,2026-07-14 20:29:23.448,11.0,22.1,9.0,42.1
trimaran_2nodes_5pods,33,yolo-pos,gpu-orin3,2026-07-14 20:28:45.972,2026-07-14 20:29:23.744,5.4,26.2,5.0,36.6
trimaran_2nodes_5pods,34,yolo-cls,gpu-orin2,2026-07-14 20:30:12.713,2026-07-14 20:30:51.485,23.3,11.8,0.2,35.3
trimaran_2nodes_5pods,34,yolo-det,gpu-orin3,2026-07-14 20:30:19.575,2026-07-14 20:30:51.787,6.2,28.9,6.8,41.9
trimaran_2nodes_5pods,34,yolo-seg,gpu-orin2,2026-07-14 20:30:25.859,2026-07-14 20:30:52.093,4.8,27.4,20.6,52.8
trimaran_2nodes_5pods,34,yolo-obb,gpu-orin2,2026-07-14 20:30:37.109,2026-07-14 20:31:23.453,10.6,22.7,10.4,43.7
trimaran_2nodes_5pods,34,yolo-pos,gpu-orin3,2026-07-14 20:30:45.291,2026-07-14 20:31:23.753,5.7,28.4,5.7,39.8
trimaran_2nodes_5pods,35,yolo-cls,gpu-orin2,2026-07-14 20:32:12.579,2026-07-14 20:32:45.047,23.6,14.0,0.2,37.8
trimaran_2nodes_5pods,35,yolo-det,gpu-orin3,2026-07-14 20:32:18.825,2026-07-14 20:32:47.593,6.0,28.3,6.8,41.1
trimaran_2nodes_5pods,35,yolo-seg,gpu-orin2,2026-07-14 20:32:25.111,2026-07-14 20:32:47.886,5.1,28.4,19.4,52.9
trimaran_2nodes_5pods,35,yolo-obb,gpu-orin3,2026-07-14 20:32:32.033,2026-07-14 20:33:29.454,11.9,29.5,13.3,54.7
trimaran_2nodes_5pods,35,yolo-pos,gpu-orin2,2026-07-14 20:32:38.279,2026-07-14 20:33:29.794,4.9,26.4,6.3,37.6
trimaran_2nodes_5pods,36,yolo-cls,gpu-orin2,2026-07-14 20:34:18.862,2026-07-14 20:34:50.287,21.7,14.4,0.2,36.3
trimaran_2nodes_5pods,36,yolo-det,gpu-orin2,2026-07-14 20:34:25.187,2026-07-14 20:34:50.587,4.8,23.4,21.1,49.3
trimaran_2nodes_5pods,36,yolo-seg,gpu-orin2,2026-07-14 20:34:31.443,2026-07-14 20:34:50.934,5.0,24.6,21.0,50.6
trimaran_2nodes_5pods,36,yolo-obb,gpu-orin3,2026-07-14 20:34:37.761,2026-07-14 20:35:43.987,12.1,29.1,12.9,54.1
trimaran_2nodes_5pods,36,yolo-pos,gpu-orin2,2026-07-14 20:34:44.049,2026-07-14 20:35:44.291,5.2,26.4,6.6,38.2
trimaran_2nodes_5pods,37,yolo-cls,gpu-orin2,2026-07-14 20:36:33.180,2026-07-14 20:37:05.859,21.7,15.7,0.2,37.6
trimaran_2nodes_5pods,37,yolo-det,gpu-orin2,2026-07-14 20:36:40.041,2026-07-14 20:37:06.126,4.6,22.8,21.3,48.7
trimaran_2nodes_5pods,37,yolo-seg,gpu-orin2,2026-07-14 20:36:46.387,2026-07-14 20:37:06.428,4.8,23.7,21.7,50.2
trimaran_2nodes_5pods,37,yolo-obb,gpu-orin3,2026-07-14 20:36:53.293,2026-07-14 20:37:48.040,11.8,29.4,12.4,53.6
trimaran_2nodes_5pods,37,yolo-pos,gpu-orin3,2026-07-14 20:36:59.683,2026-07-14 20:37:48.349,5.5,25.3,5.4,36.2
trimaran_2nodes_5pods,38,yolo-cls,gpu-orin2,2026-07-14 20:38:37.409,2026-07-14 20:39:08.330,22.0,16.4,0.2,38.6
trimaran_2nodes_5pods,38,yolo-det,gpu-orin2,2026-07-14 20:38:43.724,2026-07-14 20:39:08.617,4.7,24.5,16.5,45.7
trimaran_2nodes_5pods,38,yolo-seg,gpu-orin3,2026-07-14 20:38:49.499,2026-07-14 20:39:19.816,5.6,28.6,12.0,46.2
trimaran_2nodes_5pods,38,yolo-obb,gpu-orin2,2026-07-14 20:38:55.104,2026-07-14 20:39:37.575,10.9,22.1,9.3,42.3
trimaran_2nodes_5pods,38,yolo-pos,gpu-orin3,2026-07-14 20:39:02.072,2026-07-14 20:39:37.859,5.8,27.7,5.2,38.7
trimaran_2nodes_5pods,39,yolo-cls,gpu-orin3,2026-07-14 20:40:26.849,2026-07-14 20:41:00.171,25.3,17.3,0.4,43.0
trimaran_2nodes_5pods,39,yolo-det,gpu-orin3,2026-07-14 20:40:33.129,2026-07-14 20:41:02.608,4.7,22.8,5.6,33.1
trimaran_2nodes_5pods,39,yolo-seg,gpu-orin3,2026-07-14 20:40:40.116,2026-07-14 20:41:11.570,5.0,26.2,10.9,42.1
trimaran_2nodes_5pods,39,yolo-obb,gpu-orin3,2026-07-14 20:40:47.115,2026-07-14 20:41:42.415,11.6,27.6,12.0,51.2
trimaran_2nodes_5pods,39,yolo-pos,gpu-orin2,2026-07-14 20:40:53.974,2026-07-14 20:41:42.749,5.1,26.4,6.7,38.2
trimaran_2nodes_5pods,40,yolo-cls,gpu-orin2,2026-07-14 20:42:31.716,2026-07-14 20:43:04.934,21.3,15.4,0.2,36.9
trimaran_2nodes_5pods,40,yolo-det,gpu-orin2,2026-07-14 20:42:38.627,2026-07-14 20:43:05.211,4.5,22.9,18.6,46.0
trimaran_2nodes_5pods,40,yolo-seg,gpu-orin2,2026-07-14 20:42:44.914,2026-07-14 20:43:05.542,4.8,24.4,20.9,50.1
trimaran_2nodes_5pods,40,yolo-obb,gpu-orin3,2026-07-14 20:42:51.753,2026-07-14 20:43:47.218,12.0,30.7,11.2,53.9
trimaran_2nodes_5pods,40,yolo-pos,gpu-orin3,2026-07-14 20:42:58.680,2026-07-14 20:43:47.563,5.3,26.2,5.8,37.3
trimaran_2nodes_5pods,41,yolo-cls,gpu-orin2,2026-07-14 20:44:36.715,2026-07-14 20:45:07.437,22.3,14.1,0.3,36.7
trimaran_2nodes_5pods,41,yolo-det,gpu-orin2,2026-07-14 20:44:42.311,2026-07-14 20:45:07.735,5.2,22.9,20.6,48.7
trimaran_2nodes_5pods,41,yolo-seg,gpu-orin2,2026-07-14 20:44:47.993,2026-07-14 20:45:08.022,5.2,24.2,21.8,51.2
trimaran_2nodes_5pods,41,yolo-obb,gpu-orin3,2026-07-14 20:44:54.354,2026-07-14 20:45:49.640,12.2,30.9,11.7,54.8
trimaran_2nodes_5pods,41,yolo-pos,gpu-orin3,2026-07-14 20:45:01.244,2026-07-14 20:45:49.970,5.6,28.2,5.7,39.5
trimaran_2nodes_5pods,42,yolo-cls,gpu-orin2,2026-07-14 20:46:38.926,2026-07-14 20:47:10.206,22.5,17.9,0.2,40.6
trimaran_2nodes_5pods,42,yolo-det,gpu-orin2,2026-07-14 20:46:44.497,2026-07-14 20:47:10.480,5.0,26.3,16.5,47.8
trimaran_2nodes_5pods,42,yolo-seg,gpu-orin3,2026-07-14 20:46:50.858,2026-07-14 20:47:21.653,5.7,28.6,13.4,47.7
trimaran_2nodes_5pods,42,yolo-obb,gpu-orin2,2026-07-14 20:46:57.096,2026-07-14 20:47:39.358,10.9,22.2,8.9,42.0
trimaran_2nodes_5pods,42,yolo-pos,gpu-orin3,2026-07-14 20:47:04.020,2026-07-14 20:47:39.677,5.6,26.9,4.9,37.4
trimaran_2nodes_5pods,43,yolo-cls,gpu-orin3,2026-07-14 20:48:28.557,2026-07-14 20:49:05.379,24.6,17.4,0.4,42.4
trimaran_2nodes_5pods,43,yolo-det,gpu-orin3,2026-07-14 20:48:34.810,2026-07-14 20:49:05.653,4.6,23.4,5.9,33.9
trimaran_2nodes_5pods,43,yolo-seg,gpu-orin3,2026-07-14 20:48:41.651,2026-07-14 20:49:12.604,5.0,26.9,10.8,42.7
trimaran_2nodes_5pods,43,yolo-obb,gpu-orin3,2026-07-14 20:48:48.552,2026-07-14 20:49:43.348,11.6,27.7,12.6,51.9
trimaran_2nodes_5pods,43,yolo-pos,gpu-orin2,2026-07-14 20:48:56.045,2026-07-14 20:49:43.680,5.0,26.3,6.4,37.7
trimaran_2nodes_5pods,44,yolo-cls,gpu-orin2,2026-07-14 20:50:32.537,2026-07-14 20:51:06.484,22.1,15.6,0.2,37.9
trimaran_2nodes_5pods,44,yolo-det,gpu-orin2,2026-07-14 20:50:38.828,2026-07-14 20:51:06.796,4.8,23.8,20.7,49.3
trimaran_2nodes_5pods,44,yolo-seg,gpu-orin2,2026-07-14 20:50:45.070,2026-07-14 20:51:07.054,4.8,24.3,21.7,50.8
trimaran_2nodes_5pods,44,yolo-obb,gpu-orin3,2026-07-14 20:50:52.080,2026-07-14 20:52:03.177,12.2,30.9,12.2,55.3
trimaran_2nodes_5pods,44,yolo-pos,gpu-orin3,2026-07-14 20:50:59.612,2026-07-14 20:52:03.512,5.6,27.2,5.4,38.2
trimaran_2nodes_5pods,45,yolo-cls,gpu-orin2,2026-07-14 20:52:52.435,2026-07-14 20:53:24.929,23.3,17.5,0.2,41.0
trimaran_2nodes_5pods,45,yolo-det,gpu-orin2,2026-07-14 20:52:58.657,2026-07-14 20:53:25.215,4.8,24.7,18.7,48.2
trimaran_2nodes_5pods,45,yolo-seg,gpu-orin3,2026-07-14 20:53:05.567,2026-07-14 20:53:36.447,5.8,29.3,12.9,48.0
trimaran_2nodes_5pods,45,yolo-obb,gpu-orin2,2026-07-14 20:53:12.412,2026-07-14 20:53:54.146,10.7,22.2,9.0,41.9
trimaran_2nodes_5pods,45,yolo-pos,gpu-orin3,2026-07-14 20:53:18.733,2026-07-14 20:53:54.424,5.7,27.8,5.1,38.6
trimaran_2nodes_5pods,46,yolo-cls,gpu-orin2,2026-07-14 20:54:43.366,2026-07-14 20:55:14.039,23.2,18.9,0.2,42.3
trimaran_2nodes_5pods,46,yolo-det,gpu-orin2,2026-07-14 20:54:49.073,2026-07-14 20:55:14.349,5.0,26.3,18.9,50.2
trimaran_2nodes_5pods,46,yolo-seg,gpu-orin3,2026-07-14 20:54:54.756,2026-07-14 20:55:25.592,5.4,26.3,11.8,43.5
trimaran_2nodes_5pods,46,yolo-obb,gpu-orin3,2026-07-14 20:55:00.969,2026-07-14 20:56:03.684,11.6,27.3,12.1,51.0
trimaran_2nodes_5pods,46,yolo-pos,gpu-orin2,2026-07-14 20:55:07.855,2026-07-14 20:56:03.949,4.8,26.4,6.6,37.8
trimaran_2nodes_5pods,47,yolo-cls,gpu-orin2,2026-07-14 20:56:52.932,2026-07-14 20:57:26.817,24.3,13.1,0.2,37.6
trimaran_2nodes_5pods,47,yolo-det,gpu-orin3,2026-07-14 20:56:59.772,2026-07-14 20:57:29.314,6.2,28.2,6.6,41.0
trimaran_2nodes_5pods,47,yolo-seg,gpu-orin2,2026-07-14 20:57:06.816,2026-07-14 20:57:29.563,4.8,27.2,22.6,54.6
trimaran_2nodes_5pods,47,yolo-obb,gpu-orin2,2026-07-14 20:57:13.605,2026-07-14 20:57:58.124,10.6,22.3,9.7,42.6
trimaran_2nodes_5pods,47,yolo-pos,gpu-orin3,2026-07-14 20:57:19.933,2026-07-14 20:57:58.470,5.6,27.4,5.5,38.5
trimaran_2nodes_5pods,48,yolo-cls,gpu-orin2,2026-07-14 21:12:44.227,2026-07-14 21:13:16.655,21.8,13.4,0.3,35.5
trimaran_2nodes_5pods,48,yolo-det,gpu-orin3,2026-07-14 21:12:50.389,2026-07-14 21:13:19.180,6.1,27.8,7.1,41.0
trimaran_2nodes_5pods,48,yolo-seg,gpu-orin2,2026-07-14 21:12:57.295,2026-07-14 21:13:19.505,5.1,28.2,19.1,52.4
trimaran_2nodes_5pods,48,yolo-obb,gpu-orin3,2026-07-14 21:13:03.583,2026-07-14 21:13:59.544,11.9,28.1,12.4,52.4
trimaran_2nodes_5pods,48,yolo-pos,gpu-orin2,2026-07-14 21:13:09.854,2026-07-14 21:13:59.838,4.7,26.3,6.4,37.4
trimaran_2nodes_5pods,49,yolo-cls,gpu-orin2,2026-07-14 21:14:48.821,2026-07-14 21:15:20.749,21.9,13.2,0.2,35.3
trimaran_2nodes_5pods,49,yolo-det,gpu-orin3,2026-07-14 21:14:55.148,2026-07-14 21:15:25.397,6.3,28.3,7.1,41.7
trimaran_2nodes_5pods,49,yolo-seg,gpu-orin2,2026-07-14 21:15:02.050,2026-07-14 21:15:25.735,4.9,27.8,19.2,51.9
trimaran_2nodes_5pods,49,yolo-obb,gpu-orin3,2026-07-14 21:15:07.680,2026-07-14 21:16:07.750,11.9,30.0,12.3,54.2
trimaran_2nodes_5pods,49,yolo-pos,gpu-orin2,2026-07-14 21:15:14.605,2026-07-14 21:16:08.052,4.9,26.4,6.4,37.7
trimaran_2nodes_5pods,50,yolo-cls,gpu-orin2,2026-07-14 21:16:56.953,2026-07-14 21:17:28.265,22.4,13.0,0.2,35.6
trimaran_2nodes_5pods,50,yolo-det,gpu-orin3,2026-07-14 21:17:03.186,2026-07-14 21:17:32.863,6.2,28.7,6.6,41.5
trimaran_2nodes_5pods,50,yolo-seg,gpu-orin2,2026-07-14 21:17:10.025,2026-07-14 21:17:33.165,5.3,27.5,20.5,53.3
trimaran_2nodes_5pods,50,yolo-obb,gpu-orin3,2026-07-14 21:17:16.369,2026-07-14 21:18:12.909,11.9,29.7,13.2,54.8
trimaran_2nodes_5pods,50,yolo-pos,gpu-orin2,2026-07-14 21:17:22.712,2026-07-14 21:18:13.202,4.9,26.4,6.2,37.5
